"filename", "language", "TypeScript", "JSON", "JSON with Comments", "HTML", "PostCSS", "vue", "Markdown", "comment", "blank", "total"
"f:\Project\RBlog\RBlog_F\.prettierrc.json", "JSON", 0, 6, 0, 0, 0, 0, 0, 0, 1, 7
"f:\Project\RBlog\RBlog_F\README.md", "Markdown", 0, 0, 0, 0, 0, 0, 20, 0, 14, 34
"f:\Project\RBlog\RBlog_F\auto-imports.d.ts", "TypeScript", 3, 0, 0, 0, 0, 0, 0, 6, 2, 11
"f:\Project\RBlog\RBlog_F\components.d.ts", "TypeScript", 34, 0, 0, 0, 0, 0, 0, 6, 2, 42
"f:\Project\RBlog\RBlog_F\env.d.ts", "TypeScript", 0, 0, 0, 0, 0, 0, 0, 1, 1, 2
"f:\Project\RBlog\RBlog_F\index.html", "HTML", 0, 0, 0, 13, 0, 0, 0, 0, 1, 14
"f:\Project\RBlog\RBlog_F\package-lock.json", "JSON", 0, 4390, 0, 0, 0, 0, 0, 0, 1, 4391
"f:\Project\RBlog\RBlog_F\package.json", "JSON", 0, 47, 0, 0, 0, 0, 0, 0, 1, 48
"f:\Project\RBlog\RBlog_F\src\App.vue", "vue", 0, 0, 0, 0, 0, 27, 0, 0, 5, 32
"f:\Project\RBlog\RBlog_F\src\components\ArchivingCard\ArchivingCard.vue", "vue", 0, 0, 0, 0, 0, 42, 0, 2, 6, 50
"f:\Project\RBlog\RBlog_F\src\components\ArchivingPositionCard\ArchivingPositionCard.vue", "vue", 0, 0, 0, 0, 0, 105, 0, 2, 16, 123
"f:\Project\RBlog\RBlog_F\src\components\ArticleCard\ArticleCard.vue", "vue", 0, 0, 0, 0, 0, 40, 0, 0, 4, 44
"f:\Project\RBlog\RBlog_F\src\components\CatalogueCard\CatalogueCard.vue", "vue", 0, 0, 0, 0, 0, 136, 0, 0, 17, 153
"f:\Project\RBlog\RBlog_F\src\components\CategoryCard\CategoryCard.vue", "vue", 0, 0, 0, 0, 0, 25, 0, 2, 4, 31
"f:\Project\RBlog\RBlog_F\src\components\FeelingCard\FeelingCard.vue", "vue", 0, 0, 0, 0, 0, 123, 0, 7, 9, 139
"f:\Project\RBlog\RBlog_F\src\components\Footer\Footer.vue", "vue", 0, 0, 0, 0, 0, 34, 0, 0, 3, 37
"f:\Project\RBlog\RBlog_F\src\components\GoTop\GoTop.vue", "vue", 0, 0, 0, 0, 0, 18, 0, 0, 4, 22
"f:\Project\RBlog\RBlog_F\src\components\HomeScrollPage\HomeScrollPage.vue", "vue", 0, 0, 0, 0, 0, 28, 0, 1, 3, 32
"f:\Project\RBlog\RBlog_F\src\components\InfoCard\InfoCard.vue", "vue", 0, 0, 0, 0, 0, 24, 0, 0, 3, 27
"f:\Project\RBlog\RBlog_F\src\components\LoadMore\LoadMore.vue", "vue", 0, 0, 0, 0, 0, 28, 0, 0, 4, 32
"f:\Project\RBlog\RBlog_F\src\components\ReadScrollPage\ReadScrollPage.vue", "vue", 0, 0, 0, 0, 0, 97, 0, 0, 15, 112
"f:\Project\RBlog\RBlog_F\src\components\SideCard\SideCard.vue", "vue", 0, 0, 0, 0, 0, 32, 0, 0, 3, 35
"f:\Project\RBlog\RBlog_F\src\components\TopNavigateBar\TopNavigateBar.vue", "vue", 0, 0, 0, 0, 0, 44, 0, 2, 4, 50
"f:\Project\RBlog\RBlog_F\src\hooks\useArchivingPage\useArchivingPage.ts", "TypeScript", 55, 0, 0, 0, 0, 0, 0, 8, 4, 67
"f:\Project\RBlog\RBlog_F\src\hooks\useArticleCard\useArticleCard.ts", "TypeScript", 30, 0, 0, 0, 0, 0, 0, 0, 4, 34
"f:\Project\RBlog\RBlog_F\src\hooks\useArticlePage\useArticlePage.ts", "TypeScript", 15, 0, 0, 0, 0, 0, 0, 0, 4, 19
"f:\Project\RBlog\RBlog_F\src\hooks\useArticlePage\useCategoryAll\useCategoryAll.ts", "TypeScript", 16, 0, 0, 0, 0, 0, 0, 0, 4, 20
"f:\Project\RBlog\RBlog_F\src\hooks\useArticlePage\useCategorySignal\useCategorySignal.ts", "TypeScript", 38, 0, 0, 0, 0, 0, 0, 0, 6, 44
"f:\Project\RBlog\RBlog_F\src\hooks\useCategoryCard\useCategoryCard.ts", "TypeScript", 9, 0, 0, 0, 0, 0, 0, 0, 2, 11
"f:\Project\RBlog\RBlog_F\src\hooks\useFeelingCard\useFeelingCard.ts", "TypeScript", 152, 0, 0, 0, 0, 0, 0, 19, 21, 192
"f:\Project\RBlog\RBlog_F\src\hooks\useFeelingPage\useFeelingPage.ts", "TypeScript", 15, 0, 0, 0, 0, 0, 0, 0, 4, 19
"f:\Project\RBlog\RBlog_F\src\hooks\useFeelingPage\useFeelingScrollPage\useFeelingScrollPage.ts", "TypeScript", 38, 0, 0, 0, 0, 0, 0, 0, 6, 44
"f:\Project\RBlog\RBlog_F\src\hooks\useFooter\useFooter.ts", "TypeScript", 87, 0, 0, 0, 0, 0, 0, 3, 1, 91
"f:\Project\RBlog\RBlog_F\src\hooks\useGoTop\useGoTop.ts", "TypeScript", 24, 0, 0, 0, 0, 0, 0, 0, 4, 28
"f:\Project\RBlog\RBlog_F\src\hooks\useHomePage\useHomePage.ts", "TypeScript", 23, 0, 0, 0, 0, 0, 0, 1, 4, 28
"f:\Project\RBlog\RBlog_F\src\hooks\useHomeScrollPage\useHomeScrollPage.ts", "TypeScript", 54, 0, 0, 0, 0, 0, 0, 5, 14, 73
"f:\Project\RBlog\RBlog_F\src\hooks\useInfoCard\useInfoCard.ts", "TypeScript", 21, 0, 0, 0, 0, 0, 0, 0, 5, 26
"f:\Project\RBlog\RBlog_F\src\hooks\useLoadMore\useLoadMore.ts", "TypeScript", 0, 0, 0, 0, 0, 0, 0, 0, 1, 1
"f:\Project\RBlog\RBlog_F\src\hooks\useReadPage\useReadPage.ts", "TypeScript", 70, 0, 0, 0, 0, 0, 0, 7, 14, 91
"f:\Project\RBlog\RBlog_F\src\hooks\useSideCard\useSideCard.ts", "TypeScript", 40, 0, 0, 0, 0, 0, 0, 0, 4, 44
"f:\Project\RBlog\RBlog_F\src\hooks\useTopNavigateBar\useTopNavigateBar.ts", "TypeScript", 30, 0, 0, 0, 0, 0, 0, 5, 5, 40
"f:\Project\RBlog\RBlog_F\src\main.ts", "TypeScript", 11, 0, 0, 0, 0, 0, 0, 0, 5, 16
"f:\Project\RBlog\RBlog_F\src\pages\ArchivingPage\ArchivingPage.vue", "vue", 0, 0, 0, 0, 0, 56, 0, 1, 8, 65
"f:\Project\RBlog\RBlog_F\src\pages\ArticlePage\ArticlePage.vue", "vue", 0, 0, 0, 0, 0, 29, 0, 1, 5, 35
"f:\Project\RBlog\RBlog_F\src\pages\ArticlePage\CategoryAll\CategoryAll.vue", "vue", 0, 0, 0, 0, 0, 21, 0, 1, 4, 26
"f:\Project\RBlog\RBlog_F\src\pages\ArticlePage\CategorySignal\CategorySignal.vue", "vue", 0, 0, 0, 0, 0, 21, 0, 0, 4, 25
"f:\Project\RBlog\RBlog_F\src\pages\FeelingPage\FeelingPage.vue", "vue", 0, 0, 0, 0, 0, 30, 0, 1, 5, 36
"f:\Project\RBlog\RBlog_F\src\pages\FeelingPage\FeelingScrollPage\FeelingScrollPage.vue", "vue", 0, 0, 0, 0, 0, 21, 0, 0, 4, 25
"f:\Project\RBlog\RBlog_F\src\pages\HomePage\HomePage.vue", "vue", 0, 0, 0, 0, 0, 35, 0, 3, 5, 43
"f:\Project\RBlog\RBlog_F\src\pages\ReadPage\ReadPage.vue", "vue", 0, 0, 0, 0, 0, 31, 0, 0, 4, 35
"f:\Project\RBlog\RBlog_F\src\router\index.ts", "TypeScript", 38, 0, 0, 0, 0, 0, 0, 0, 3, 41
"f:\Project\RBlog\RBlog_F\src\styles\archiving-card\archiving-card.css", "PostCSS", 0, 0, 0, 0, 118, 0, 0, 4, 18, 140
"f:\Project\RBlog\RBlog_F\src\styles\archiving-page\archiving-page.css", "PostCSS", 0, 0, 0, 0, 125, 0, 0, 5, 22, 152
"f:\Project\RBlog\RBlog_F\src\styles\archiving-position-card\archiving-position-card.css", "PostCSS", 0, 0, 0, 0, 138, 0, 0, 1, 22, 161
"f:\Project\RBlog\RBlog_F\src\styles\article-card\article-card.css", "PostCSS", 0, 0, 0, 0, 149, 0, 0, 6, 24, 179
"f:\Project\RBlog\RBlog_F\src\styles\article-page\article-page.css", "PostCSS", 0, 0, 0, 0, 200, 0, 0, 8, 29, 237
"f:\Project\RBlog\RBlog_F\src\styles\article-page\category-all\category-all.css", "PostCSS", 0, 0, 0, 0, 8, 0, 0, 0, 0, 8
"f:\Project\RBlog\RBlog_F\src\styles\article-page\category-signal\category-signal.css", "PostCSS", 0, 0, 0, 0, 71, 0, 0, 10, 10, 91
"f:\Project\RBlog\RBlog_F\src\styles\catalogue-card\catalogue-card.css", "PostCSS", 0, 0, 0, 0, 220, 0, 0, 4, 39, 263
"f:\Project\RBlog\RBlog_F\src\styles\category-card\category-card.css", "PostCSS", 0, 0, 0, 0, 70, 0, 0, 8, 9, 87
"f:\Project\RBlog\RBlog_F\src\styles\feeling-card\feeling-card.css", "PostCSS", 0, 0, 0, 0, 158, 0, 0, 6, 27, 191
"f:\Project\RBlog\RBlog_F\src\styles\feeling-page\feeling-page.css", "PostCSS", 0, 0, 0, 0, 200, 0, 0, 8, 29, 237
"f:\Project\RBlog\RBlog_F\src\styles\feeling-page\feeling-scroll-page\feeling-scroll-page.css", "PostCSS", 0, 0, 0, 0, 71, 0, 0, 10, 10, 91
"f:\Project\RBlog\RBlog_F\src\styles\footer\footer.css", "PostCSS", 0, 0, 0, 0, 118, 0, 0, 0, 17, 135
"f:\Project\RBlog\RBlog_F\src\styles\go-top\go-top.css", "PostCSS", 0, 0, 0, 0, 22, 0, 0, 0, 2, 24
"f:\Project\RBlog\RBlog_F\src\styles\home-page\home-page.css", "PostCSS", 0, 0, 0, 0, 128, 0, 0, 15, 16, 159
"f:\Project\RBlog\RBlog_F\src\styles\home-scroll-page\home-scroll-page.css", "PostCSS", 0, 0, 0, 0, 7, 0, 0, 0, 0, 7
"f:\Project\RBlog\RBlog_F\src\styles\info-card\info-card.css", "PostCSS", 0, 0, 0, 0, 189, 0, 0, 28, 20, 237
"f:\Project\RBlog\RBlog_F\src\styles\load-more\load-more.css", "PostCSS", 0, 0, 0, 0, 13, 0, 0, 0, 2, 15
"f:\Project\RBlog\RBlog_F\src\styles\read-page\read-page.css", "PostCSS", 0, 0, 0, 0, 32, 0, 0, 0, 3, 35
"f:\Project\RBlog\RBlog_F\src\styles\read-scroll-page\read-scroll-page.css", "PostCSS", 0, 0, 0, 0, 129, 0, 0, 1, 21, 151
"f:\Project\RBlog\RBlog_F\src\styles\side-crad\side-card.css", "PostCSS", 0, 0, 0, 0, 146, 0, 0, 14, 25, 185
"f:\Project\RBlog\RBlog_F\src\styles\top-navigate-bar\top-navigate-bar.css", "PostCSS", 0, 0, 0, 0, 149, 0, 0, 14, 24, 187
"f:\Project\RBlog\RBlog_F\src\types\index.ts", "TypeScript", 56, 0, 0, 0, 0, 0, 0, 5, 8, 69
"f:\Project\RBlog\RBlog_F\tsconfig.app.json", "JSON", 0, 11, 0, 0, 0, 0, 0, 0, 2, 13
"f:\Project\RBlog\RBlog_F\tsconfig.json", "JSON with Comments", 0, 0, 11, 0, 0, 0, 0, 0, 1, 12
"f:\Project\RBlog\RBlog_F\tsconfig.node.json", "JSON", 0, 18, 0, 0, 0, 0, 0, 0, 2, 20
"f:\Project\RBlog\RBlog_F\vite.config.ts", "TypeScript", 24, 0, 0, 0, 0, 0, 0, 2, 4, 30
"Total", "-", 883, 4472, 11, 13, 2461, 1047, 20, 233, 663, 9803